<?xml version="1.1" encoding="UTF-8"?>

<project i18n.job.generated.documetation="Generated documentation" i18n.job.project.name="Project Name" i18n.job.generated.date="GENERATION DATE" i18n.job.author="AUTHOR" i18n.job.summary="Summary" i18n.job.project.description="Project Description" i18n.job.job.description="Description" i18n.job.job.preview.picture="Preview Picture" i18n.job.job.setting="Settings" i18n.job.context.list="Context List" i18n.job.component.list="Component List" i18n.job.components.description="Components Description" i18n.job.source.code="Source Code" i18n.job.properties="Properties" i18n.job.values="Values" i18n.job.name="Name" i18n.job.language="Language" i18n.job.description="Description" i18n.job.author.min="Author" i18n.job.version="Version" i18n.job.purpose="Purpose" i18n.job.status="Status" i18n.job.creation="Creation" i18n.job.modification="Modification" i18n.job.extract.settings="Extra settings" i18n.job.value="Value" i18n.job.stats.logs="Status &amp; Logs" i18n.job.context="Context" i18n.job.promt="Prompt" i18n.job.need.promt="Need Prompt?" i18n.job.type="Type" i18n.job.source="Source" i18n.job.component.name="Component Name" i18n.job.component.type="Component Type" i18n.job.component="Component" i18n.job.unique.name="UNIQUE NAME" i18n.job.input="INPUT(S)" i18n.job.label="LABEL" i18n.job.output="OUTPUT(S)" i18n.job.component.parameters="Component Parameters:" i18n.job.schema.for="Schema for " i18n.job.column="Column" i18n.job.key="Key" i18n.job.length="Length" i18n.job.precision="Precision" i18n.job.nullable="Nullable" i18n.job.comment="Comment" i18n.job.original.function.parameters="Original Function Parameters:" i18n.job.ended="ended" i18n.job.content="content" i18n.route.manifest.type="Type" i18n.route.manifest.value="Value" i18n.route.resource.name="Name" i18n.route.resource.version="Version" i18n.route.resource.path="Path" name="PROJECT_SRC_SFDC" logo="pictures/logo.jpg" title="Generated by Talend Cloud Real-Time Big Data Platform" link="http://www.talend.com" language="java" generatedDate="Mar 9, 2020 9:20:44 AM" versionName="Talend Cloud VERSION " version="7.1.1.20200123_0448-patch" docType="Jobs" company="">
  <pro-description/>
  <jobitemset type="jobs">
    <item version="0.1" name="job_SFDC_SRC_LND_INCR_ON_NTRL_KEY_child" path="EDW/SRC_LND_PROCESS/" link="EDW/SRC_LND_PROCESS/job_SFDC_SRC_LND_INCR_ON_NTRL_KEY_child_0.1/job_SFDC_SRC_LND_INCR_ON_NTRL_KEY_child_0.1.html"/>
    <item version="0.1" name="job_SFDC_SRC_LND_INCR_ON_NTRL_KEY_main" path="EDW/SRC_LND_PROCESS/" link="EDW/SRC_LND_PROCESS/job_SFDC_SRC_LND_INCR_ON_NTRL_KEY_main_0.1/job_SFDC_SRC_LND_INCR_ON_NTRL_KEY_main_0.1.html"/>
    <item version="0.1" name="job_SFDC_LND_HST_INCR_ON_NTRL_KEY_child" path="EDW/LND_RAW_HST_PROCESS/" link="EDW/LND_RAW_HST_PROCESS/job_SFDC_LND_HST_INCR_ON_NTRL_KEY_child_0.1/job_SFDC_LND_HST_INCR_ON_NTRL_KEY_child_0.1.html"/>
    <item version="0.1" name="job_SFDC_LND_HST_INCR_ON_NTRL_KEY_main" path="EDW/LND_RAW_HST_PROCESS/" link="EDW/LND_RAW_HST_PROCESS/job_SFDC_LND_HST_INCR_ON_NTRL_KEY_main_0.1/job_SFDC_LND_HST_INCR_ON_NTRL_KEY_main_0.1.html"/>
    <item version="0.1" name="job_SFDC_LND_RAW_INCR_ON_NTRL_KEY_child" path="EDW/LND_RAW_HST_PROCESS/" link="EDW/LND_RAW_HST_PROCESS/job_SFDC_LND_RAW_INCR_ON_NTRL_KEY_child_0.1/job_SFDC_LND_RAW_INCR_ON_NTRL_KEY_child_0.1.html"/>
    <item version="0.1" name="job_SFDC_LND_RAW_INCR_ON_NTRL_KEY_main" path="EDW/LND_RAW_HST_PROCESS/" link="EDW/LND_RAW_HST_PROCESS/job_SFDC_LND_RAW_INCR_ON_NTRL_KEY_main_0.1/job_SFDC_LND_RAW_INCR_ON_NTRL_KEY_main_0.1.html"/>
  </jobitemset>
</project>
